sitc_id,shared_name,y,x,Pini,sitc_name,Pini_class
0011,810011,3055.105957,2008.623535,41.111283669157736,Bovine,2
0012,810012,1497.137451,4232.727051,47.47306911649972,Sheep and goat,4
0013,810013,5418.686768,805.28714,37.17232093895861,Swine,1
0014,810014,4824.612793,1580.317017,38.743256378735104,Poultry,2
0015,810015,4755.03125,2668.270996,38.72324089938017,Equine,2
0111,810111,5012.966797,3038.909546,44.18708943152242,Bovine meat,3
0112,810112,1654.334778,4126.524658,41.041976968946095,Sheep and Goat Meat,2
0113,810113,4975.138916,781.928894,37.02801640036933,Pig Meat,1
0114,810114,5273.293213,726.693787,42.994018430309545,Poultry meat,3
0115,810115,4838.709473,2796.006226,46.038780267589615,Horse Meat,4
0116,810116,4886.746094,3152.8482670000008,42.23874653438097,Bovine and Equine Entrails,3
0118,810118,2579.556519,2119.5977780000007,40.54575706465989,"Animal meat, misc",2
0121,310121,4271.701172,-2667.355225,34.81003198104522,Miscellaneous Animal Entrails,1
0129,810129,3086.717529,2443.032715,42.614401287019504,Preserved meat,3
0141,810141,5387.352783,963.726746,43.02509101813354,Meat and fish extract,3
0142,810142,3502.5982670000008,2352.811768,38.192134616006534,Sausage,1
0149,810149,3258.644287,2227.44873,41.833105578612,Miscellaneous Prepared Meats,2
0223,830223,3474.519287,2052.593567000001,39.354680523652405,Milk,2
0224,830224,3394.731445000001,2500.352417,40.94382724928669,Preserved Milk,2
0230,830230,4481.806152,2423.629639,39.178711558060336,Butter,2
0240,830240,3724.65271,2578.480469,40.12404967585904,Cheese,2
0251,810251,3509.611206,2718.136963,42.095515210456355,"Eggs, in shell",3
0252,810252,3381.2387700000004,30.360352,39.31853052439071,"Eggs, Shelled",2
0341,800341,2563.275391,4715.622559,42.86030135891775,Fresh Fish,3
0342,800342,2605.404053,4479.612549,44.75202477567008,Frozen Fish,3
0343,800343,2337.026978000001,4989.925293,49.940380767161294,Fish fillets,4
0344,800344,2324.529053,4633.403076,46.85869148425044,Frozen Fish Fillets,4
0350,800350,2480.540527,4606.024658,41.974465267636795,"Fish, preserved",2
0360,800360,2665.282471,4610.842285,46.87077429617109,Crustaceans and Molluscs,4
0371,800371,2438.213135,4466.815918,45.00180995258808,Miscellaneous Fish,3
0372,800372,2292.914795,5184.690918,43.05470384732173,"Crustaceans and molluscs, misc",3
0411,700411,5251.793701,2017.253601,44.41131695615243,Durum Wheat,3
0412,700412,5017.022461,1936.4552,42.68739303886543,Miscellaneous Wheat,3
0421,710421,5797.1875,3927.757202,47.626223088474646,Rice,4
0422,710422,5688.503418,3824.256104,47.95132523852799,Milled Rice,4
0430,700430,5031.209229,1819.025879,40.32261661378676,Unmilled Barley,2
0440,700440,5431.118652,1990.843445,45.18511649776517,Maize,3
0451,830451,5723.419922,2811.052002,37.80729052559531,Unmilled Rye,1
0452,750452,5586.554199,1018.782013,37.06258343759922,Unmilled Oats,1
0459,710459,5772.518555,3557.188477,46.87004057630637,Miscellaneous Unmilled Cereals,4
0460,750460,2564.612427,3038.572021,46.28191378199124,Wheat Flour,4
0470,750470,2573.840088,2873.949707,43.47119247637953,Non-Wheat Cereal Flour,3
0481,750481,2792.485229,2341.910034,40.284320512552426,Miscellaneous Cereal Grains,2
0482,750482,4919.883789,1562.237854,43.481712010153856,Malt,3
0483,310483,5474.808105,4388.864014,43.94910098077362,Pasta,3
0484,310484,3636.911621,3001.344116,40.1645520385598,Baked Goods,2
0488,750488,3235.686523,2366.775757,39.79021939761197,Malt Extract,2
0541,750541,2179.470215,3982.60083,46.98844378961518,Potatoes,4
0542,750542,2413.638916,4145.934814,49.182371163515214,Legumes,4
0544,750544,2605.489746,4171.316895,46.97449527407609,Tomatoes,4
0545,310545,2941.004639,3611.151367,46.518169366557245,Miscellaneous Vegetables,4
0546,310546,3125.04248,3713.986572,43.59483614574156,Frozen Vegetables,3
0548,750548,3548.730957,4750.3396,45.36394472499706,Miscellaneous Root and Tuber Vegetables,3
0561,310561,2472.45813,3969.890991,46.94563875181542,Dried Vegetables,4
0564,310564,2977.750732,3451.5987549999995,43.917167823339284,Flour,3
0565,310565,3316.301514,3549.941772,45.31745971166218,Vegetables,3
0571,740571,1913.500122,3772.1604,47.76124387819127,Oranges,4
0572,740572,1980.556519,3909.14856,46.29842122673068,Miscellaneous Citrus,4
0573,720573,2119.45813,4516.732666,46.82802041249909,Bananas,4
0574,740574,1935.522095,4056.642822,43.74582238522688,Apples,3
0575,740575,2054.556152,4107.402832,47.034426603814076,Grapes and Raisins,4
0576,750576,2021.156738,4218.4521479999985,47.27503457390911,Figs,4
0577,710577,3449.513794,4469.023438,48.56733127478185,Nuts,4
0579,310579,3075.04187,3509.455322,45.08686997494472,Miscellaneous Fruit,3
0582,750582,5540.67041,3992.318359,40.87894806165105,Fruit Preserved by Sugar,2
0583,310583,3523.109131,3060.339844,42.87879062657904,Fruit Jams,3
0585,310585,3321.808838,3331.110962,43.860750374472495,Fruit or Vegetable Juices,3
0586,310586,3174.088013,3333.151611,44.46353144750041,Temporarily Preserved Fruit,3
0589,310589,3514.102783,3354.070435,44.288549423258864,Prepared Fruit,3
0611,720611,2311.921143,4300.5615229999985,47.73742639074951,Cane Sugar,4
0612,750612,2500.818359,2952.997803,44.21652120279728,Refined Sugars,3
0615,750615,2153.458496,2944.209473,48.52653795148081,Molasses,4
0616,810616,2029.169617,3356.538574,45.71646789231577,Honey,3
0619,300619,3294.876953,-209.178314,39.264862872113035,Sugar Syrups,2
0620,310620,3191.530762000001,2965.112549,42.313037752922256,Confectionary Sugar,3
0711,750711,2252.506104,4414.757812,49.279456101699495,Coffee,4
0712,430712,2466.606323,1978.834167,44.78093038042443,Coffee Extracts,3
0721,720721,1801.628418,-3184.114502,52.2740712089465,Cocoa Beans,4
0722,720722,1709.735352,-3094.191406,42.738069973222935,Unsweetened Cocoa Powder,3
0723,720723,1966.932617,-2983.105957,48.627992464411534,Cocoa Butter,4
0730,310730,3902.429321,2928.283813,38.88318716690515,Chocolate,2
0741,710741,5785.809814,3731.619629,46.55678860164584,Tea,4
0742,700742,5987.3916020000015,2059.9180300000007,47.5300261500826,Mat√©,4
0751,750751,2227.352539,4553.105713,48.35078253571025,Pepper,4
0752,750752,3343.523682,3732.684326,45.68692635592139,Spices,3
0811,710811,5939.932617,3493.285156000001,43.96667561476642,Hay,3
0812,750812,2936.119141,4557.098633,47.73072646745421,Bran and Other Cereals Residues,4
0813,700813,5615.621582,2036.779602,47.7709370382884,Oilcake,4
0814,800814,2099.44043,4769.080322,51.44014139886399,Inedible Flours of Meat and Fish,4
0819,420819,2993.093384,2354.941895,39.427084613826,Food Waste and Animal Feed,2
0913,810913,4585.794434,977.868591,37.520486702265146,Lard,1
0914,310914,3053.333618,2869.378174,44.36263009764717,Margarine,3
0980,310980,3453.609863,2909.370605,41.45348468846449,Miscellaneous Edibles,2
1110,311110,3192.2658690000007,3086.66333,42.85186615987408,Miscellaneous Beverages,3
1121,311121,1798.123779,4022.84668,41.912037777197035,Wine,2
1122,301122,2462.976074,2431.534912,41.7964426288189,Miscellaneous Fermented Beverages,2
1123,301123,2962.356689,2527.369141,41.69700940250561,Beer,2
1124,301124,2704.66748,2485.205078,42.824116475725454,Liquor,3
1211,731211,3405.538818,4658.021729,45.22851434220721,Unstripped Tobacco,3
1212,731212,3266.118652,4858.2509770000015,50.10166326226272,Stripped Tobacco,4
1213,731213,3470.697754,4854.174561,50.16209158374436,Tobacco Refuse,4
1221,301221,2668.783691,1655.173462,39.98230727336764,Cigars,2
1222,731222,4872.234131,2558.003052,40.198076990165724,Cigarretes,2
1223,731223,2252.597168,1974.332397,41.573616070317776,Tobacco Substitutes,2
2111,842111,2449.547852,3283.045288,41.74635887363246,Raw Hides of Bovine and Equine,2
2112,842112,2606.232178,3289.106445,45.081490411093036,Raw Calf Skins,3
2114,842114,2140.287598,3596.775269,49.06251936406719,Raw Goat Skins,4
2116,842116,2509.073486,3393.968262,42.59334053898293,Raw Sheep Skin with Wool,3
2117,842117,2665.2270510000008,3424.2476810000007,43.93750071189024,Raw Sheep Skin without Wool,3
2119,842119,2371.769165,3357.023804,44.562101099853145,Miscellaneous Hides and Skins,3
2120,832120,5617.727539,1145.895203,35.351047354914066,Raw Furs,1
2221,712221,5596.064941,3610.874756,48.68004401768628,Green Groundnuts,4
2222,702222,5775.763916,2087.615784,45.679907182541896,Soy Beans,3
2223,712223,5574.59082,3765.678467,44.898238545026274,Cotton Seeds,3
2224,702224,5279.240234000001,1886.047241,42.12472895565117,Sunflower Seeds,3
2225,712225,5501.808105,3412.0443119999995,49.099722762425785,Sesame Seeds,4
2226,702226,4741.512695,1784.489014,38.95999727638246,Rape Seeds,2
2231,722231,1853.694092,-3265.074463,46.65340828586981,Copra,4
2232,722232,2136.682373,-3242.842041,44.22880587812541,Palm Nuts and Kernels,3
2234,702234,1801.659424,-1256.565002,40.38170013320712,Linseed,2
2235,712235,5928.316406,3951.435059,46.66931222660546,Castor Oil Seeds,4
2238,702238,3034.38562,4315.199219,42.682815930913655,Miscellaneous Oil Seeds and Fruits,3
2239,702239,5829.8901369999985,1954.526794,48.61720741705104,Oil Seeds Flour,4
2320,722320,2291.654053,-2767.045654,45.18798840748799,Natural Rubber,3
2331,442331,4597.027344,-1893.243896,39.93342178826438,Synthetic Rubber,2
2332,402332,4704.6416020000015,2251.6875,44.03181983142767,Reclaimed and Scrap Rubber,3
2440,752440,1674.416138,4506.20166,43.05468773572785,Raw Cork,3
2450,202450,3041.7583010000008,4175.321777,42.78866938149398,Fuel Wood and Charcoal,3
2460,202460,4616.300049,2322.425659,41.87027245120694,Pulpwood,2
2471,202471,5390.4848630000015,2636.663818,38.135246325943925,Rough Coniferous Logs,1
2472,202472,3124.073364,2672.349854,47.39232555377613,Non-Coniferous Sawlogs,4
2479,202479,2948.36084,2785.661865,45.524081607721435,Rough Wood,3
2481,202481,2779.862061,2582.020752,43.75341027891838,Railroad Ties,3
2482,202482,5020.310059,2506.288208,37.92651544069028,Coniferous Wood,1
2483,202483,3171.522949,2764.566895,48.37182088904954,Non-Coniferous Worked Wood,4
2511,902511,2921.23999,1658.033081,39.64597553557015,Waste Paper,2
2512,222512,3231.3127440000007,-1214.947876,38.65445480930949,Mechanical Wood Pulp,1
2516,222516,2623.785889,-1086.523376,41.85201652122469,Dissolving Grade Chemical Wood Pulp,2
2517,222517,3017.456421,-1070.631287,42.54080901809615,Chemical Wood Pulp of Soda or Sulphate,3
2518,222518,3089.005737,-874.4050289999999,36.514990361841775,Chemical Wood Pulp of sulphite,1
2519,222519,2732.725708,-1194.598999,41.265180952210414,Miscellaneous Cellulosic Pulps,2
2613,602613,5640.366211,4674.848145,43.350574942344096,Raw Silk,3
2614,602614,5585.806640999999,4727.432861,46.511070369627646,Worm Cocoons,4
2631,712631,5410.493652,3541.912354,49.355303877167614,Cotton,4
2632,712632,5426.186035,3748.664551,47.86671121529599,Cotton Linters,4
2633,612633,3423.221436,4050.1521,48.506706903980685,Cotton Waste,4
2634,712634,5245.397461,3513.489502000001,50.18880218672063,Cotton,4
2640,712640,5848.309814,3841.234009,49.389997014341745,Jute,4
2651,602651,6084.7197270000015,2731.757935,43.71829560789157,Flax,3
2652,422652,5394.813965,1493.243286,45.28859726486543,Hemp,3
2654,712654,5980.507812,3870.953979,49.39144124841457,Agave Fibers,4
2655,732655,3147.091797,-2900.613037,46.98178089161662,Manila Hemp,4
2659,722659,1990.590576,-3157.54187,45.48545614348648,Miscellaneous Vegetable Textile Fibres,3
2665,902665,4616.509521,2917.111694,41.48787760902144,Uncarded Discontinuous Synthetic Fibers,2
2666,602666,5296.537598,3881.759644,43.80251736334611,Continuous Synthetic Fibres,3
2667,602667,5177.871826,3910.372559,46.15861629977356,Carded Discontinuous Synthetic Fibres,4
2671,442671,4571.146484000001,-2116.870361,38.42180166313873,Regenerated Fiber,1
2672,902672,4305.168945,3494.945068,42.70550854834904,Waste of Man-Made Fibres,3
2681,822681,5530.541992,2484.114746,40.47637622195409,Greasy Wool,2
2682,822682,5366.802002,2328.591553,41.228189018972614,Degreased Sheep Wool,2
2683,822683,5651.237549,2322.1640620000007,44.771033866994095,Fine Animal Hair,3
2685,822685,5635.989258,2441.876465,44.72754600355894,Coarse Animal Hair,3
2686,822686,5371.7197270000015,2249.987793,45.071589911031246,Wood and Animal Hair Waste,3
2687,822687,5506.861816,2270.459717,48.19719595720746,Carded Animal Hair,4
2690,612690,3753.943481,3371.743408,43.41862299024589,Rags,3
2711,312711,3295.450195,2835.98645,42.18805541485109,Crude Fertilizer,3
2712,432712,5939.033691,2794.818726,46.78994692418754,Natural Sodium Nitrate,4
2713,412713,5519.220703,2207.862305,49.69203198837822,Natural Calcium Phosphates,4
2714,432714,5971.3276369999985,3081.21167,47.213462947788855,Crude Natural Potassium Salts,4
2731,572731,2304.476318,4074.415771,47.05466066245632,Unworked Building Stone,4
2732,512732,3041.89917,3346.309937,42.41826353863395,Gypsum and Other Calcareous Stone,3
2733,412733,5867.713379,3344.766113,44.34273939335326,Sands,3
2734,572734,4614.546875,2783.882324,40.196516308578154,Stones,2
2741,512741,2179.298096,-952.247101,45.45604250297105,Sulphur,3
2742,572742,5642.1098630000015,51.208327,39.65087947676244,Unroasted Iron Pyrites,2
2771,542771,2418.912598,-3303.660889,47.74614873858629,Industrial Diamonds,4
2772,432772,2531.153931,-3475.694092,40.18628752588264,Miscellaneous Natural Abrasives,2
2782,572782,3276.689209,734.049683,42.67310309159527,Miscellaneous Clay and Refractory Minerals,3
2783,572783,2415.522705,3779.932617,46.69093524291277,Salt,4
2784,512784,2322.935059,-1014.437714,44.358992686011476,Asbestos,3
2785,572785,3160.836914,698.535645,45.88732737177868,Quartz,4
2786,572786,5440.6865229999985,3051.068359,44.745074798243294,Metal Waste,3
2789,572789,2730.883057,2821.563721,46.23910873281029,Miscellaneous Crude Minerals,4
2814,152814,2620.375977,486.402084,42.62754216253959,Roasted Iron Pyrites,3
2815,512815,2807.6801760000008,362.620743,44.53986533444239,Iron Ore,3
2816,512816,3018.322754,481.196487,45.370944674801166,Iron Ore Agglomerates,3
2820,902820,2876.461792,3212.950928,44.50354537914424,Iron Waste,3
2860,512860,2341.624023,374.080948,42.63845718402313,Uranium and Thorium,3
2871,512871,1937.547363,4524.353515999999,49.38473202676251,Copper,4
2872,512872,2156.611084,-1362.483643,47.474577736416165,Nickel,4
2873,512873,2646.556396,361.745712,47.76804181113005,Aluminum Ore,4
2874,572874,1773.114868,4212.1401369999985,49.47786935589885,Lead Ore,4
2875,572875,1889.967896,4150.556396,50.325876072338744,Zinc Ore,4
2876,572876,5788.417969,2372.300049,50.76805565972355,Tin,4
2877,512877,2492.675537,367.958954,44.79447141863796,Manganese,3
2879,512879,2132.568359,4263.770996,48.349126610052345,Miscellaneous Non-Ferrous Ores,4
2881,572881,1666.447388,3791.368652,44.14359964597209,Ash and Residues,3
2882,572882,3094.54541,3228.563965,43.23805523221087,Miscellaneous Non-Iron Waste,3
2890,512890,2657.8388670000004,5177.90625,47.735763533671616,Precious Metal Ores,4
2911,802911,2797.17395,4180.640625,45.949138244215156,"Bones, Ivory and Horns",4
2919,842919,1835.511597,3275.765991,45.005070268241376,Miscellaneous Animal Origin Materials,3
2922,712922,5654.572265999999,3258.763916,47.89378188242001,Natural Gums,4
2923,752923,4242.462402,4384.7333979999985,44.6881073685028,Vegetable Plaiting Materials,3
2924,752924,3218.486084,3715.433838,47.353914475473005,Pharmaceutical Flora,4
2925,722925,1595.560303,-2908.685303,42.36359991943621,Planting Seeds and Spores,3
2926,722926,1703.956421,-2844.143188,41.06623276058717,Live Plants,2
2927,722927,1843.355225,-2847.141724,45.856166329388934,Flowers,4
2929,752929,2816.011353000001,4645.384277,45.951088721710384,Miscellaneous Vegetable Origin Materials,4
3221,503221,5923.587402,-359.211182,41.92820143577867,Anthracite,2
3222,503222,5855.782715,-525.379578,42.68862827440877,Coal,3
3223,503223,6113.987305,-552.758057,38.77636684471183,Lignite,2
3224,903224,5153.037109000001,1051.693085,37.36266412843556,Peat,1
3231,503231,5469.366699,-416.998474,42.35203786718138,Solid Fuels,3
3232,503232,5647.252686,-417.353622,42.38428273775372,Coke,3
3330,523330,2054.204163,937.996216,48.38399143146715,Crude Petroleum,4
3345,443345,4239.787109000001,-1378.514404,44.1304805652468,Lubricating Petroleum Oils,3
3351,423351,3033.396484,1530.66803,44.56206528639488,Petroleum Jelly,3
3352,433352,5687.7026369999985,904.416626,44.36695503428775,Mineral Tars,3
3353,503353,3256.561035,531.878464,38.78695358566922,Mineral Tar Pitch,2
3354,523354,2732.233887000001,995.114258,43.50270365913283,Miscellaneous Bituminous Mixtures,3
3413,523413,2428.610229,965.450714,48.25534552922519,Liquified Petroleum Gases,4
3414,523414,1999.103638,-1215.989624,45.37740628621918,Petroleum Gases,3
3415,573415,2403.266724,-3508.986328,46.57895080914237,Coal and Water Gas,4
3510,203510,4418.287354,2649.894043,41.50880653260962,Electric Current,2
4111,804111,1922.735962,4911.585449,50.44887466240694,Fat and Oils of Marine Animals,4
4113,814113,4860.686035,2939.908081,42.15936091013117,Miscellaneous Animal Oils,3
4232,704232,5970.797607,2169.21936,48.21506212382517,Soy Bean Oil,4
4233,714233,5598.5,3507.356689,45.97995878460858,Cotton Seed Oil,4
4234,704234,4910.6567380000015,-2708.701904,47.666430825946215,Peanut Oil,4
4235,314235,1933.56958,4290.661621,46.99013349029954,Olive Oil,4
4236,704236,5470.645996,1867.497803,44.08958714096424,Sunflower Seed Oil,3
4239,704239,4569.395752,1677.616394,38.99474871378128,Miscellaneous Vegetable Oils,2
4241,704241,4328.713379,-2311.056519,40.7322798124074,Linseed Oil,2
4242,724242,2080.111328,-2889.319824,44.299679815620905,Palm Oil,3
4243,724243,2068.593933,-3029.289307,47.26334186459464,Coconut Oil,4
4244,724244,2187.817871,-2871.392578,44.76828088774396,Palm Kernel Oil,3
4245,704245,5510.309082,-1834.957642,51.118369319445584,Castor Oil,4
4249,704249,5731.446289,3427.458496,47.77385366200778,Miscellaneous Vegetable Oils,4
4311,704311,4488.087890999999,-2620.102295,39.990623557286014,Processed Animal and Vegetable Oils,2
4312,314312,2746.036743,2743.031372,44.27507415171369,Hydrogenated Oils,3
4313,314313,2764.095459,216.403557,41.41889369946984,Fatty and Oil Acids,2
4314,724314,1643.881592,-3004.799561,50.62605391358062,Waxes,4
5111,445111,3575.720215,-2516.64917,39.15524695972746,Acyclic Hydrocarbons,2
5112,445112,4865.417969,-2329.730469,41.582993618509114,Cyclic Hydrocarbons,2
5113,445113,4683.169922,-1445.453613,40.65694527276619,Halogenated Hydrocarbons,2
5114,435114,5290.42627,881.197205,44.683632984170465,Non-Halogenated Hydrocarbons Derivatives,3
5121,305121,2564.41333,2333.427368,46.507797951425935,Acyclic Alcohols,4
5122,445122,4365.597168,-1479.793701,45.02687361973942,Cyclic Alcohols,3
5123,445123,4140.151855,-1654.163208,41.53094307578446,Phenols,2
5137,445137,4492.113281,-1803.900024,40.236546612031724,Monocarboxylic Acids,2
5138,445138,3659.039185,-2271.894897,41.416554756911545,Polycaboxylic Acids,2
5139,425139,3273.9729,1183.898682,39.65701660469485,Oxygen-Function Acids,2
5145,445145,3976.94043,-1264.404724,36.52848483150487,Amine-Function Compounds,1
5146,445146,3892.371338,-2050.161011,38.75476619155766,Oxygen-Function Amino-Compounds,2
5147,445147,5039.663574,-1155.896362,37.24318159261506,Amide Function Compounds,1
5148,445148,4116.758911,-2408.155762000001,36.67073418429684,Other Nitrogen Function Compounds,1
5154,445154,4224.290039,-1708.252991,38.99078281704021,Organo-Sulphur Compounds,2
5155,445155,5193.833496,-2035.551208,37.00296803437222,Miscellaneous Organo-Inorganic Compounds,1
5156,445156,4128.590088,-1816.838745,36.67269561756873,Heterocyclic Compounds,1
5157,445157,3905.359619,-2234.379883,37.85002687682536,"Sulphonamides, Sultones and Sultams",1
5161,445161,4705.153809,-2184.955078,39.4198429394894,Ethers and Acetals,2
5162,445162,4350.664307,-1798.277344,39.89914260954688,"Aldehyde, Ketone and Quinone-Function Compounds",2
5163,445163,4694.370605,-1247.035828,40.75941165357101,Inorganic Esters,2
5169,445169,3969.260742,-897.549072,36.52782613993608,Organic Chemicals,1
5221,415221,3181.44751,594.861725,44.81326193598183,Chemical Elements,3
5222,415222,5109.190918,2052.565674,50.072925141454704,Inorganic Acids and Oxygen Compounds,4
5223,445223,4806.693359000001,-1923.305298,42.020149013921106,Halogen and Non-Metal Sulphur Compounds,3
5224,155224,2775.337891,108.499741,43.21635425559287,Metallic Oxides,3
5225,515225,5135.3125,2337.865479,42.31896464696445,Inorganic Bases,3
5231,415231,4880.762695,1986.82782,45.44265355733857,Metallic Salts and Peroxysalts of Inorganic Acids,3
5232,415232,4688.7817380000015,1917.197571,44.31687968543415,Metallic Salts,3
5233,445233,3017.018433,627.614777,40.87498385347719,Precious Metals Compounds,2
5239,415239,3390.03064,682.957184,39.191486417752344,Inorganic Chemical Products,2
5241,515241,2198.11377,-1166.642151,40.91167468080853,Radioactive Chemicals,2
5249,445249,5650.6875,168.973236,46.848586237258345,Miscellaneous Radioactive Materials,4
5311,445311,4971.0009770000015,-1265.001831,41.03898700730605,Dye,2
5312,445312,5480.027344,-1393.439331,42.541639832037326,Synthetic Organic Luminophores,3
5322,445322,4195.021973,-2258.440674,48.29241004915809,Tanning Extracts,4
5323,445323,4213.581299,-2109.653564,45.71385461220842,Synthetic Tanning Substances,3
5331,445331,5299.819336,-2231.073364,37.73194938173752,Miscellaneous Coloring Products,1
5332,445332,4546.746826,-1046.3790279999996,37.54310362766647,Printing Ink,1
5334,425334,3650.784668,1560.173584,38.23358435874541,Varnishes and Lacquers,1
5335,425335,3802.509033,1828.009033,37.872028140713965,Glazes,1
5411,445411,4861.026855,-1495.936707,36.25337308228009,Vitamins,1
5413,425413,3465.033447,1143.375549,38.72976721983203,Antibiotics,2
5414,425414,3500.918213000001,-308.9156490000001,38.6449230710092,Vegetable Alkaloids and Derivatives,1
5415,445415,3965.693848,-1467.211853,34.55184001364429,Hormones,1
5416,445416,4096.443481,-1075.032959,36.35642892501953,Glycosides and Vaccines,1
5417,425417,3709.744629,1095.017029,38.072175240780155,Medicaments,1
5419,425419,3926.479858,-215.29454,36.34884270015397,Non-Medicinal Pharmaceutical Products,1
5513,705513,2846.504639,4293.36084,45.991464557396355,Essential Oils,4
5514,445514,3783.656006,-1866.741455,38.59868030836322,Scented Mixtures,1
5530,425530,3506.8109130000007,1245.24939,39.03803571607604,Perfumery and Cosmetics,2
5541,435541,2743.603516,2962.496094,45.025665026384154,Soaps,3
5542,425542,3713.796631,2174.634033,39.89486788193271,Miscellaneous Organic Surfactants,2
5543,425543,3221.582764,1571.896362,40.45980081361237,"Polishes for Floors, Footwear and Metals",2
5621,435621,4921.823486,2278.980469,44.709041838248304,Nitrogenous Fertilizers,3
5622,415622,5309.5625,2139.546631,50.22958344281538,Phosphatic Fertilizers,4
5623,435623,5856.629395,2904.58374,46.542351739290396,Potassic Fertilizers,4
5629,415629,2220.82605,4872.106201,46.94694595572172,Miscellaneous Fertilizers,4
5721,415721,2776.337891,2654.83252,41.28826297482653,Prepared Explosives,2
5722,105722,2449.2645260000004,2623.533081,42.17714631714155,Initiating Devices,3
5723,905723,2618.263184,-2647.918701,41.3353645526441,Pyrotechnic Articles,2
5821,425821,3828.649658,1728.378174,38.57599403772401,Phenoplasts,1
5822,145822,4528.170654,524.7635799999998,37.52228742832693,Aminoplasts,1
5823,905823,2246.427002,-2400.896729,40.99677013952396,Polyesters,2
5824,445824,4235.419434,-1244.231934,37.00378954883713,Polyamides,1
5825,905825,5392.474121,605.352661,37.631554681559656,Polyurethanes,1
5826,445826,3595.1750490000004,-2088.668091,36.43459142212533,Epoxide Resins,1
5827,445827,4604.932129,-1600.448853,38.72170533755906,Silicones,2
5829,445829,3764.791504,-2045.798706,38.79953155680922,Miscellaneous Condensation Products,2
5831,405831,3094.629395,1199.6583859999996,40.552799499309394,Polyethylene,2
5832,405832,3229.4846190000007,1034.619995,42.31332623593842,Polypropylene,3
5833,905833,2494.244263,-2265.232666,39.826447471180046,Polystyrene,2
5834,405834,3461.132324,947.241028,41.149089440995844,Polyvinyl Chloride,2
5835,445835,4672.180176,-1760.051147,43.71126603026517,Copolymers of Vinyl Chloride and Vinyl Acetate,3
5836,445836,4452.753418,-1934.613037,37.61270931628244,Acrylic Polymers,1
5837,425837,2977.901123,1780.607971,39.541008507067595,Polyvinyl Acetate,2
5838,105838,3299.327393,-636.269226,35.045914113380874,Polymerization Ion Exchangers,1
5839,445839,4277.105225,-1923.454407,39.458954288732336,Miscellaneous Polymerization Products,2
5841,445841,4991.054688,-826.623138,36.97844986459931,Regenerated Cellulose,1
5842,445842,4703.252441,-2525.010864,39.401520812671365,Cellulose Nitrates,2
5843,445843,5345.35498,-1858.55658,40.24753075736254,Cellulose Acetates,2
5849,445849,5400.8916020000015,1156.800415,36.726383837854534,Cellulose Derivates,1
5851,225851,3015.11084,-725.0148929999998,38.04460469899811,Derivatives of Rubber,1
5852,145852,3043.355469,-213.407768,41.315996348806344,Miscellaneous Artificial Plastics,2
5911,435911,2674.715576,1975.757324,43.36277323923044,Insecticides,3
5912,435912,2760.813599,1774.173096,41.90646900647769,Fungicides,2
5913,435913,2814.596924,1886.338867,42.43748198925115,Herbicides,3
5914,435914,2991.740479,1910.535217,42.2695769614959,Disinfectants,3
5921,905921,4760.141846,1700.414062,39.24536018262493,Starches,2
5922,835922,5178.665039,951.85083,38.797109696756785,Glues,2
5981,225981,2869.823975,-678.988586,39.106395477603115,Woods and Resin Chemicals,2
5982,445982,5294.623047,-1932.239929,37.63102054121767,Anti-Corrosive Chemicals,1
5983,445983,5017.366699,-1493.601807,37.846268103784595,Organic Chemical Products,1
5989,445989,4552.5397950000015,-1284.39856,37.19792761899689,Chemical Products,1
6112,906112,4231.834961,-2504.682251,42.507548345654776,Leather Sheets or Rolls,3
6113,846113,1970.585144,3495.405029,45.046492534953174,Calf leather,3
6114,846114,2209.384277,3435.611816,45.66510790233226,Bovine and Equine Leather,3
6115,846115,2472.575684,3529.317139,47.00973763239732,Sheep and Lamb Leather,4
6116,846116,2358.4259030000007,3466.114014,47.6934504900419,Leather of Miscellaneous Animal Hides,4
6118,846118,5102.804199,2149.576416,45.04108369669018,Finished Leather,3
6121,846121,5672.611328,-108.580231,46.224631141673896,Leather Articles Used in Machinery,4
6122,906122,5637.696533,4592.573975,46.760786559872855,Saddlery and Harness,4
6123,616123,4064.210815,3574.639771,45.006654648430434,Footwear Parts,3
6129,846129,4814.6083979999985,2084.157715,41.76071997601426,Miscellaneous Articles of Leather,2
6130,816130,4921.269043,2709.015747,40.72572096685619,Tanned Furskins,2
6210,406210,3858.206787,906.73764,39.68319329394366,Rubber Materials,2
6251,106251,4059.672485,1055.705597,39.49532385353217,Car Tires,2
6252,136252,3961.032471,1271.416992,40.939313795064244,Large Transport Vehicle Tires,2
6253,126253,4986.410156,-2362.596436,39.49763302496447,Aircraft Tires,2
6254,136254,5596.001953,-1316.483765,42.59969422209781,Bike Tires,3
6259,136259,3873.78418,1248.749512,43.6910561465981,Miscellaneous Tire Parts,3
6281,446281,5228.9914549999985,-2312.052734,40.420046471240255,Hygienic Rubber Articles,2
6282,106282,4046.258057,511.612411,39.54901760955564,Transmission Belts,2
6289,106289,4039.42627,852.6492310000001,39.21360881957933,Miscellaneous Rubber,2
6330,316330,1825.319214,4377.785156,39.658378889405775,Cork Products,2
6341,206341,3505.593994,2610.887939,45.37958212693375,Sawn Wood Less Than 5mm Thick,3
6342,206342,5132.708496,2700.57019,42.601003090101855,Plywood,3
6343,206343,4381.2807619999985,2518.931152,38.306918044404725,Improved Wood,1
6344,206344,4255.529297,2919.76709,40.72251093847672,Wood Panels,2
6349,206349,4346.277832,2957.094971,40.90771888187346,Simply Shaped Wood,2
6351,206351,4142.533691,2798.740967,39.33432080615832,Wood Boxes,2
6352,106352,5100.2353520000015,1304.049561,38.74503083936583,Casks and Barrels,2
6353,206353,3996.199707,2789.516235,38.931276273028665,Carpentry Wood,2
6354,616354,4247.445312,4109.025269,42.822260370239896,Decorative Wood,3
6359,206359,4289.875732,2761.235596,39.036127805602334,Miscellaneous Manufactured Wood Articles,2
6411,226411,3292.7890620000007,-1035.2541199999996,36.775257777359656,Newsprint,1
6412,226412,3644.98291,-1047.983093,34.56082676838141,Rolls of Paper,1
6413,226413,2773.132324,-759.552063,37.350144279685246,Kraft Paper,1
6415,226415,4243.157715,1486.008728,37.78510499532122,Miscellaneous Paper,1
6416,206416,4296.827881,2286.131836,40.679407247734616,Fiberboard,2
6417,206417,3814.0030520000014,2772.44104,42.380682345819146,Tissue Paper,3
6418,106418,5132.691406,203.241425,35.739490298950976,Coated Paper,1
6419,426419,5264.075195,1222.960022,38.436078907333666,Miscellaneous Converted Paper,1
6421,316421,3652.865967,3172.4884030000007,38.61495737608876,Paper Office Containers,1
6422,206422,4098.3432619999985,2529.555664,38.20037400755656,Correspondence Stationary,1
6423,906423,4270.431152,3723.835449,43.90447518139959,Notebooks,3
6424,426424,3597.147949,2063.295227,38.224641070496006,Cut Paper,1
6428,206428,3719.30835,1908.505005,40.38541344763603,Miscellaneous Articles of Paper,2
6511,606511,5470.31543,4561.134277,44.53728008360385,Silk Yarn,3
6512,826512,5193.242676,2236.968384,44.25440415256152,Wool Yarn,3
6513,606513,4903.403809,3441.001709000001,49.84324869822992,Cotton Yarn,4
6514,606514,4429.699707,2835.985107,40.78232628982785,Non-retail Synthetic Yarn,2
6515,606515,5334.724609000001,4359.319092,46.066125069546786,Retail Yarn of More Than 85% Synthetic Fiber,4
6516,606516,4517.47168,3333.275635,46.19999010931129,Yarn of Less Than 85% Synthetic Fibers,4
6517,606517,4562.72168,3028.534424,42.32419390885365,Yarn of Regenerated Fibers,3
6518,606518,5460.864258,4459.5932619999985,44.65105001465773,Yarn of Regenerated Fibres,3
6519,606519,4637.481689,1842.321777,40.48583812108571,Yarn of Textile Fibers,2
6521,606521,5216.911133,3626.965332,49.14791035610631,Unbleached Cotton Woven Fabrics,4
6522,606522,4869.333496,3577.814819,45.87081974699039,Finished Cotton Fabrics,4
6531,606531,4698.054688,3619.005127,44.697803459086494,Synthetic Woven Fabrics,3
6532,606532,4896.578125,4002.783203,42.97610441478381,Woven Fabrics of More Than 85% Discontinuous Synthetic Fiber,3
6534,606534,4452.983643,3819.071899,47.77303945562928,Woven Fabric of less than 85% Discontinuous Synthetic Fibres,4
6535,606535,4719.810059,3829.529053,40.986701804402855,Continuous Regenerated Woven Fabrics,2
6536,606536,5411.47998,4225.849121,43.06945721711929,Fabrics of more than 85% discontinuous regenerated fibres,3
6538,606538,5195.9929200000015,4087.395264,41.185472526514786,Fabrics of less than 85% continuous regenerated fibres,2
6539,606539,5012.692871,3732.354004,42.46493313724547,Pile and Chenille Fabrics,3
6541,606541,5398.659424,4707.4833979999985,46.04552408280038,Silk Woven Fabrics,4
6542,606542,5454.09082,1407.198975,42.48152991484272,Woven Frabrics of More Than 85% Wool,3
6543,606543,5232.563965,1335.487915,40.476567924078005,Miscellaneous Wool Woven Fabrics,2
6544,606544,4939.504883,1194.948975,39.42565493421415,Flax Fabrics,2
6545,716545,5966.496094,3741.279175,51.44139356152264,Jute Woven Fabrics,4
6546,426546,4141.631592,938.742493,35.59873108085956,Glass Fiber Fabrics,1
6549,606549,4667.3276369999985,4039.997925,44.602822900157626,Miscellaneous Woven Fabrics,3
6551,606551,5523.306885,4266.5771479999985,40.90669765223559,Knitted Synthetic Fibres,2
6552,616552,4699.292236,4384.980225,43.455450289187354,Natural Knitted Fibric,3
6553,606553,5689.026855,4313.728271,41.58204555181637,Elastic Knitted Fibres,2
6560,616560,3787.492676,4474.001465,43.509941680909684,Embroidery,3
6571,426571,4452.005859000001,1322.431274,37.05339301266599,Felt,1
6572,106572,5311.19165,463.6073,39.06541941015158,Bonded Fiber Fabrics,2
6573,426573,4738.184082,1052.533539,38.906905508983094,Coated Textile Fabrics,2
6574,616574,4645.114258,4122.149414,41.08837597696417,Elastic Fabrics and Trimming,2
6575,616575,3225.371704,4364.580078,44.19380160927745,Ropes and Cables,3
6576,216576,5267.526367,4561.44043,45.45874606750886,Hats,3
6577,106577,3922.225342,1596.332764,39.718364000954615,Textiles Fabrics for Machinery,2
6579,426579,4493.911133,958.045197,38.83357403352911,Special Products of Textile,2
6581,616581,3307.728516,4127.061768,47.049874479653504,Textile Bags,4
6582,206582,5331.428223,2435.739746,44.04750918866602,Textile Camping Goods,3
6583,606583,4463.418945,3945.78833,45.064020460223645,Blankets,3
6584,616584,3967.273804,4251.933838,47.95786295296827,Linens,4
6589,616589,4134.962158,4155.744629,48.082362226018105,Miscellaneous Textile Articles,4
6591,906591,5456.6401369999985,1313.488647,36.99302046049138,Linoleum,1
6592,606592,5012.702393,4332.0317380000015,49.82164828427422,Knotted Carpets,4
6593,606593,5084.1164549999985,4481.703125,48.05596438273428,Hand Woven Rugs,4
6594,616594,4029.141479,4673.381836,42.775671357211365,Wool Carpets,3
6595,906595,5225.4526369999985,-1589.128784,44.47994671287189,Miscellaneous Man Made Carpets,3
6596,616596,4027.280151,4409.002441,46.62307363804495,Miscellaneous Carpets,4
6597,216597,2027.52002,-3292.465576,45.30655264242353,Plaited Products,3
6611,516611,4667.563232,2693.067871,40.570054045284756,Lime,2
6612,516612,2990.844238,3882.83667,45.97909133263082,Cement,4
6613,906613,2169.19043,4131.130371,45.93790721345678,Worked Building Stone,4
6618,206618,3854.303711,2481.606934,39.61500272864685,Fiber Cements,2
6623,136623,4798.832031,1251.717163,43.205372207337284,Refractory Bricks,3
6624,206624,4081.439819,3185.089355,41.80075072762076,Building Materials,2
6631,106631,4281.867676,-483.348511,37.32577677448875,Polishing Stones,1
6632,106632,4679.5786130000015,469.163849,37.04943053373169,Abrasive Powder,1
6633,206633,3992.890381,2544.835815,39.083086402035704,Miscellaneous Mineral Materials,2
6635,906635,4101.505859000001,1365.062622,37.19768897521479,Mineral Wool,1
6637,116637,3742.903564,-1303.498779,38.57576487293238,Miscellaneous Refractory Goods,1
6638,906638,5494.939453,890.841614,44.8023513588774,Asbestos Products,3
6639,906639,5004.923828,-403.77298,39.539411342814994,Miscellaneous Ceramic Articles,2
6641,446641,4728.5166020000015,-1639.485962,38.648116499799855,"Nonoptical Glass Balls, Rods or Tubes",1
6642,446642,4025.421143,-2654.575195,39.62432944143365,Optical Glass,2
6643,216643,2948.959473,-2675.032227,43.68153609267557,Blown Glass,3
6644,136644,3627.724854,828.993652,39.869034645973294,Unworked Surface Ground Cast Glass,2
6645,106645,4483.087402,1714.053528,40.35954389148465,Unworked Cast Glass,2
6646,136646,5273.445312,-418.858093,36.02873243883793,Pressed or Moulded Glass,1
6647,106647,4203.100586,1292.889526,38.915098858491504,Safety Glass,2
6648,116648,3658.763428,-1461.163452,38.64682218613831,Mirrors,1
6649,206649,3077.098999,2110.446167,38.914292919178735,Miscellaneous Glass,2
6651,906651,2661.100098,3109.105591,42.28933257147289,Glass Bottles,3
6652,216652,4719.062256,1423.186768,39.125286161062974,Glassware,2
6658,906658,5382.601562,-154.54287,40.702185959704686,Miscellaneous Articles of Glass,2
6664,216664,4868.581055,1438.908447,42.351870338799685,Porcelain,3
6665,216665,5101.833984000001,1459.112793,41.00394537799347,Pottery,2
6666,216666,4534.756592,4376.3977049999985,42.37890947082322,Miscellaneous Ceramic Ornaments,3
6671,576671,3047.455078,-2503.671631,40.81208162164028,Unmounted Pearls,2
6672,546672,2388.514648,-3173.252686,46.87807213670445,Diamonds,4
6673,546673,2260.911865,-3476.789307,48.40401683912283,Unmounted Precious Stones,4
6674,546674,2400.467285,-3023.75293,40.45121719500379,Synthetic Precious Stones,2
6712,156712,2805.648682,491.37915,44.499255030988216,Pig and Cast Iron,3
6713,156713,3245.553955,455.17894,37.548601496662606,Iron and Steel Powders,1
6716,156716,3339.824219,104.713131,45.24670357591931,Ferro-alloys,3
6724,156724,2963.452515,-3.804813,42.37891316183767,Blocks of Iron and Steel,3
6725,156725,2652.697021,-93.90258,41.64955204220462,Iron Billets,2
6727,156727,3414.208862,435.143646,42.57893257627353,Iron Coils,3
6731,106731,5549.166015999999,1705.8857420000004,40.6882775111394,Iron Wire,2
6732,206732,2851.813477,3106.727295,41.154193537724936,Iron Bars and Rods,2
6733,156733,2637.470947,3189.37439,40.68542042430617,Iron Shapes,2
6744,156744,3591.542358,521.466858,41.15404755647256,Thick Iron Sheets,2
6745,156745,3664.175903,357.395538,37.9073168976127,Iron Sheets,1
6746,156746,3463.242432,292.806488,40.07143229253073,Thin Iron Sheets,2
6747,156747,3187.627441,259.255219,40.50013367331493,Tinned Sheets,2
6749,156749,3034.108643,-77.43287099999998,42.52619845133838,Miscellaneous Processed Iron,3
6760,106760,5267.317383,104.685574,37.20128235192895,Metal Railway Material,1
6770,136770,4420.046143,1798.7406010000002,39.07051824178447,Uninsulated Steel Wire,2
6781,106781,5358.988037,-32.603365999999994,45.03433412610194,Iron Pipes,3
6782,106782,4743.794189,107.09671000000002,39.519461437130076,Seamless Iron Tubes,2
6783,156783,2642.646729,-283.779411,42.122865304770094,Miscellaneous Iron Tubes and Pipes,3
6785,106785,3859.782593,380.478516,38.700335162083285,Iron Tubes,2
6793,106793,4636.3901369999985,1106.053467,39.59306194314327,Iron and Steel Forging,2
6794,576794,4363.29541,1863.756409,39.24311640462648,Rough Iron Castings,2
6811,516811,2788.470215,762.41275,48.21158416965525,Silver,4
6812,576812,4729.272461,-1105.381287,44.215627642218806,Platinum,3
6821,516821,2004.079102,4417.480225,47.71166698697628,Copper,4
6822,156822,3022.0826420000008,133.85784099999998,43.55579627272808,Processed Copper,3
6831,516831,2431.126953,-1122.955688,37.92239919004393,Nickel,1
6832,106832,3995.868896,-679.160706,37.85490068017944,Worked Nickel,1
6841,576841,5382.168457,2787.964478000001,47.535782632439954,Aluminum,4
6842,206842,3837.366943,2220.81311,40.34661105088959,Processed Aluminium,2
6851,576851,2590.089111,3835.054199,45.70751029532424,Unwrought Lead,3
6852,576852,2274.372559,3197.7076420000008,40.09110028513161,Worked Lead,2
6861,516861,3039.983765,256.017326,43.507162165848186,Unwrought Zinc,3
6863,156863,2931.024292,227.993584,44.15395639970638,Zinc,3
6871,446871,3778.116455,-2338.760986,50.83390635263906,Unwrought Tin and Alloys,4
6872,576872,5002.544434,-2694.472412,44.71542633295557,Worked Tin and Alloys,3
6880,446880,4750.850098,-1542.724976,38.18511652425467,Depleted Uranium,1
6891,576891,5789.717041,273.135368,41.77465164381673,"Unwrought Tungsten, Molybdenum, Tantalum and Magnesium",2
6899,516899,2592.23584,76.876862,43.268182924749546,Unwrought Base Metals,3
6911,206911,4202.737793,2543.820435,39.98673620858651,Iron Structures,2
6912,206912,4245.25,2100.388306,38.11019633498695,Aluminium Structures,1
6921,206921,4036.890625,2281.913574,39.09570036450492,Reservoir Tanks,2
6924,206924,3695.596558,2779.288086,39.87136744292596,Metal Containers,2
6931,136931,3994.068848,1376.002075,41.96148371732228,Metal Cables,2
6932,906932,2404.559814,3647.871826,43.831667451695395,Barbed Wire,3
6935,906935,4311.299805,1952.073792,38.429105826699704,Gauze and Netting,1
6940,106940,4201.33252,-541.714066,37.19582202844712,Fasteners,1
6951,906951,5121.435547,2466.619873,39.773591301513,Farming Hand Tools,2
6953,216953,5126.001953,-55.983061,37.41180883887293,Miscellaneous Hand Tools,1
6954,106954,4042.609131,-301.245461,37.55178561645994,Interchangeable Tool Parts,1
6960,216960,5551.962890999999,400.990875,43.689039587393694,Cutlery,3
6973,206973,4096.732788,2083.999023,41.46670796855657,Domestic Non-Electric Stoves,2
6974,216974,4853.413086,4100.85498,43.30301960264495,Miscellaneous Domestic Articles of Base Metals,3
6975,106975,4464.744140999999,1223.85614,38.6132166732901,Miscellaneous Indoors Sanitary Ware of Base Metal,1
6978,216978,5154.382324,4327.02002,44.08804131031955,Miscellaneous Base Metal Household Appliances,3
6991,106991,4346.32251,1379.136292,37.368923785403034,Locksmith Hardware,1
6992,106992,5049.587890999999,100.262596,37.36164238325395,Metal Chains,1
6993,216993,5075.799316,1178.062317,39.27935555310616,Pins and Needles,2
6994,106994,4598.633057,412.171265,41.13978531920634,Metal Springs,2
6996,206996,3963.298096,1935.526917,38.492413163076016,Miscellaneous Articles of Base Metals,1
6997,206997,4283.61377,1182.770813,36.57866441738872,Miscellaneous Articles of Iron,1
6998,576998,4253.579346,1677.376343,37.97928448799107,Miscellaneous Metal Articles,1
6999,906999,5471.3754880000015,146.032722,39.80022511077235,Miscellaneous Base Metal Manufactures,2
7111,137111,4744.153564,3023.062012000001,38.48691875142492,Steam Water Boilers,1
7112,137112,5039.75293,2252.810791,39.51021685091985,Condensers,2
7119,137119,4738.955078,2172.1958010000008,39.37343235587336,Miscellaneous Boiler Parts,2
7126,107126,5070.705078,-461.550018,40.05658129557453,Steam Power Units,2
7129,107129,4007.648926,102.188705,36.780096652156246,Miscellaneous Parts of Steam Power Units,1
7131,127131,5207.418457,-2669.0419920000004,38.785793017470475,Internal Combustion Engines for Aircraft,2
7132,107132,4529.336914,-92.967937,39.18807282152704,Motor Vehicles Piston Engines,2
7133,107133,5393.7182619999985,-1149.994568,36.582005901004884,Internal Combustion Engines for Boats,1
7138,107138,4613.605713,-2278.310303,39.569285703218725,Miscellaneous Combustion Engines,2
7139,107139,3977.0655520000014,307.455795,40.88404262460783,Piston Engine Parts,2
7144,127144,3824.048828,-2945.081421,39.958259233828734,Reaction Engines,2
7148,127148,3731.732422,-2757.955322,38.28268848520068,Miscellaneous Gas Turbines,1
7149,127149,3947.994873,-2360.5513920000008,38.374180474002316,Parts of Gas Turbines and Reaction Engines,1
7161,107161,4590.020996,-361.072937,35.94921044244717,DC Motors,1
7162,107162,4595.0473630000015,1298.508606,38.55472628086797,Electric Motors and AC Generators,1
7163,107163,3607.568604,-199.006332,37.23513288402891,Rotary Converters,1
7169,107169,4125.471802,1228.710327,36.6826327837116,Miscellaneous Rotating Electric Plant Parts,1
7187,107187,5014.94043,-1998.716309,38.24379031826642,Nuclear Reactors,1
7188,107188,3746.710938,628.18573,36.378824101451656,Miscellaneous Engines,1
7211,107211,4393.104004,1597.854248,37.67005216722167,Soil Preparation Machinery,1
7212,107212,4567.716797,852.074432,37.78808597262102,Harvesting Machines,1
7213,107213,3583.546265,87.033564,35.67866558291641,Dairy Machinery,1
7219,107219,3600.868286,-33.822631,36.237142187017305,Miscellaneous Agricultural Machinery,1
7223,107223,5150.754883,-561.835632,41.79294823982149,Track Laying Tractors,2
7224,107224,4721.0463869999985,-377.916931,38.96866289569821,Tractors,2
7233,107233,3794.403687,-1473.135376,32.80664340963807,Road Rollers,1
7234,107234,4624.302246,-239.673553,38.32024336740013,Construction Machinery,1
7239,107239,3900.597046,805.429993,38.12254985991164,Miscellaneous Machinery,1
7243,107243,4980.04248,316.786179,38.005692098220045,Sewing Machinery,1
7244,107244,5685.32373,-969.00116,34.85477305264997,Textile Machinery,1
7245,107245,5549.200684,-1074.56543,37.21914641284909,Yarn Preparing Machines,1
7246,107246,4354.105957,24.985991,35.92724363109577,Auxiliary Weaving Machinery,1
7247,107247,4568.7021479999985,1158.354553,38.09611069780897,Miscellaneous Textile Machinery,1
7248,907248,5325.791015999999,3003.10498,39.03532507192185,Leather Tanning Machinery,2
7251,107251,3638.775513,-765.0478519999998,34.49907435220441,Cellulose Pulp Making Machines,1
7252,107252,3751.229492,-644.157104,34.6858708088382,Paper Making Machines,1
7259,107259,3896.156738,-694.363678,34.01078587394469,Paper Making Machine Parts,1
7263,107263,4223.393066,-894.8639220000001,38.62636988497096,Type Setting Machines,1
7264,107264,5613.72876,-781.608337,36.62135193514817,Printing Presses,1
7267,107267,4413.228027,-753.0614009999998,38.184808673928735,Miscellaneous Printing Machines,1
7268,107268,5715.26709,-1105.995728,35.428151676567005,Bookbinding Machines,1
7269,107269,4235.761719,-699.708191,37.24245442632712,Printing Machine Parts,1
7271,107271,4919.658691,1339.10968,40.21404913776305,Grain Milling Machinery,2
7272,107272,3360.624023,-84.625702,34.57931457181661,Miscellaneous Food-Processing Machinery,1
7281,107281,3907.496338,-540.1407320000002,36.49540325192177,Machine Tools for Specialized Industries,1
7283,107283,5114.825928,1662.927185,38.15652712030383,Miscellaneous Mineral Working Tools,1
7284,107284,5188.041015999999,-993.237793,36.541486427108225,Machinery for Specialized Industries,1
7361,107361,5193.569824,-816.108826,37.16318902092608,Metal Cutting Machines,1
7362,107362,4747.53125,-622.05957,39.09508894333766,Metal Forming Machine Tool,2
7367,107367,5351.609375,-936.651001,37.55675644147824,Miscellaneous Metalworking Machine-Tools,1
7368,107368,4504.930176,-436.841888,36.84261315564029,Tool Holders,1
7369,107369,4264.285645,-108.451111,35.80987776995521,Parts of Metalworking Machine Tools,1
7371,107371,4629.741699,-548.239868,37.17819703608501,Miscellaneous Metallurgy Equipment,1
7372,107372,4532.512695,19.6067,38.547719242676656,Rolling Mills,1
7373,107373,4163.182617,-313.268906,36.023454561899754,Miscellaneous Metalworking Machinery,1
7411,107411,4849.17334,-862.9323730000001,37.38312022736983,Gas Generators,1
7412,107412,4122.657593,-454.643372,35.74798335892925,Furnaces,1
7413,107413,3912.768066,-377.335205,36.468844277895435,Industrial Furnaces and Ovens,1
7414,207414,3714.193848,2034.713745,37.229237571845495,Miscellaneous Refrigeration Equipment,1
7415,117415,3057.005127,-1553.817017,40.43443143355289,Air Conditioners,2
7416,107416,4411.87207,-243.195755,34.62575387003592,Miscellaneous Heating and Cooling Equipment,1
7421,117421,3690.085938,-1185.176514,36.46936999766447,Reciprocating Pumps,1
7422,107422,3740.261841,-400.757584,36.3128606098532,Centrifugal Pumps,1
7423,107423,4641.77832,198.963173,36.93441084629736,Rotary Pumps,1
7428,107428,4650.888672,-750.183289,37.12515864165261,Miscellaneous Pumps,1
7429,107429,4396.435547,-501.819214,34.975825196723626,Miscellaneous Liquid Pump Parts,1
7431,107431,4755.0151369999985,783.593109,38.56336317161213,Air Pumps and Compressors,1
7432,107432,4215.869629,-39.289623,36.842991637503296,Miscellaneous Pump Parts,1
7434,107434,5065.762207,535.973419,37.803583550986815,Fans and Blowers,1
7435,107435,4925.861328,-735.870605,35.32637574981433,Centrifuges,1
7436,107436,4807.534912,684.257568,41.20878391203513,Filtering and Purifying Machinery,2
7439,107439,3971.085571,-22.092518,36.07548702268667,Miscellaneous Centrifuge and Filtering Machinery,1
7441,107441,5597.308594,1259.532471,36.24232002594855,Factory Trucks,1
7442,107442,3821.435425,-255.098732,35.715252749048034,Lifting and Loading Machinery,1
7449,107449,3788.418091,153.271362,35.42150249055078,Miscellaneous Parts of Lifting Machinery,1
7451,107451,4681.547119,-85.651241,35.166869672189684,Pneumatic Power Hand Tools,1
7452,107452,4125.903198,-823.1290280000002,35.52510738703944,Miscellaneous Non-Electrical Machines,1
7491,107491,4049.90332,-135.65006599999998,38.123189774908425,Roller Bearings,1
7492,107492,4224.270996,361.487869,37.088876097461664,Valves,1
7493,107493,4477.333984000001,324.848724,36.98978296764381,Pulley System Parts,1
7499,107499,3763.213379,-18.662643,37.41871994447095,Miscellaneous Non-Electrical Machinery Parts,1
7511,117511,2366.144775,-1636.666626,43.60983310449423,Typewriters,3
7512,117512,2727.377441,-1538.726807,42.91903166132459,Calculating Machines,3
7518,117518,2853.262695,-2049.409607,40.46485714163828,Miscellaneous Office Equipment,2
7521,117521,2515.829346,-1622.896362,39.78398247557889,Analog Computers,2
7522,117522,3447.250244,-2605.676025,39.29616048219842,Personal Computers,2
7523,117523,3359.828491,-2267.817139,36.92810742335842,CPUs,1
7525,117525,3072.056396,-2192.278687,40.62767616647224,Computer Peripherals,2
7528,117528,2902.061279,-1758.5412600000002,39.808227097994745,Miscellaneous Data Processing Equipment,2
7591,117591,2583.82019,-1521.423706,41.01772056242444,Parts of Office Machines,2
7599,117599,3130.799194,-1722.0457760000004,40.85149293510863,Computer Parts and Accessories,2
7611,117611,3577.163696,-1634.169678,40.875200062648396,Color TVs,2
7612,117612,2773.213623,-2392.1645510000008,42.82957984175144,Black and White TV,3
7621,117621,3339.948486,-1682.1657710000004,41.02766989176989,Vehicles Stereos,2
7622,117622,2869.149658,-2691.053223,43.07582854708949,Portable Stereos,3
7628,117628,2855.994873,-2891.034668,42.074215938409,Miscellaneous Stereo Equipment,3
7631,117631,2793.784668,-2614.691162,40.68957645456044,Recorded Audio Players,2
7638,117638,2987.077759,-2343.330566,41.96761841702053,Video and Sound Recorders,2
7641,117641,2310.182129,-1878.190125,38.603395632190384,Telephone Line,1
7642,117642,2953.297852,-3081.3544920000004,41.98563768288672,Audio Amplifiers,2
7643,117643,2315.341797,-2139.203247,37.750519124642175,TV and Radio Transmitters,1
7648,117648,3673.467041,-1819.915039,41.2755741039701,Miscellaneous Telecom Equipment,2
7649,117649,2553.177246,-1928.70166,39.551650248938024,Telecom Parts and Accessories,2
7711,137711,4250.943359000001,3219.869141,42.16364134863765,Electrical Transformers,3
7712,117712,2309.96167,-1729.76825,42.25589713112157,Miscellaneous Power Machinery,3
7721,107721,4761.371338,338.847748,40.87507174485083,Circuit Breakers and Panels,2
7722,117722,2854.225464,-2231.589233,41.38196687463121,Printed Circuits,2
7723,117723,2844.053955,-1916.307251,40.91715457363253,Electrical Resistors,2
7731,207731,4040.065186,2988.241333,44.5069582094951,Electric Wire,3
7732,107732,4476.7661130000015,108.678528,37.273126052678656,Electrical Insulators,1
7741,447741,4640.2973630000015,-2606.4458010000008,38.99581288995029,Electrical Medical Equipment,2
7742,447742,4418.503174,-1345.2133789999998,40.379532430444776,X-Ray Equipment,2
7751,117751,3369.4727780000007,-1475.741333,39.55889865147336,Washing Machines,2
7752,207752,3963.030762,2132.141235,40.60938778006051,Household Refrigeration,2
7753,117753,2896.081543,-1417.055176,39.66728760535615,Dishwashers,2
7754,117754,2990.877686,-3414.33374,38.90351254030493,Shavers and Hair Clippers,2
7757,117757,3145.095459,-3340.293213,38.67541514532878,Home Electrical Appliances,1
7758,107758,5101.874756,397.265167,39.23799996571949,Electric Heating Devices,2
7761,117761,3528.902222,-1790.985291,39.6930188870036,TV Tubes and Cathode Rays,2
7762,117762,3789.074463,-1677.743286,38.67984532692717,Electronic Valves and Tubes,1
7763,117763,3383.353516,-1835.161255,44.66302638301837,"Diodes, Transistors and Photocells",3
7764,117764,3413.236572,-2073.063721,42.699217956334685,Electronic Microcircuits,3
7768,117768,2997.4364010000004,-1934.388184,40.926926628525976,Miscellaneous Electronic Circuit Parts,2
7781,117781,2481.410889,-2110.151611,40.41594603704673,Batteries,2
7782,137782,5399.889893,-1552.545044,39.77467341103244,Lightbulbs,2
7783,107783,3824.457031,519.174484,38.08289934203268,Automotive Electrical Equipment,1
7784,107784,5138.974121,-218.831474,37.03032525639377,Power Tools,1
7788,117788,2740.96582,-1829.581604,41.019048370771976,Miscellaneous Electrical Machinery,2
7810,107810,4297.495605,883.2864380000002,38.45213609088458,Cars,1
7821,107821,4553.580322,660.691864,41.10368789753039,Trucks and Vans,2
7822,107822,3479.242432,-413.572983,36.88041294264972,Special Purpose Trucks and Vans,1
7831,107831,3862.743896,1132.254761,43.037011375204,Public Passenger Vehicles,3
7832,107832,4955.606934,995.441528,38.37495538567166,Tractor Units,1
7841,107841,4978.18335,-68.91715,37.56022649813454,Chassis with Engines,1
7842,107842,4725.802002,915.059753,36.1605837128182,Vehicle Bodies,1
7849,107849,4162.018433,592.167206,37.94495652595604,Vehicles Parts and Accessories,1
7851,107851,5507.3120119999985,-211.303841,40.50086784403923,Motorcycles,2
7852,217852,4654.886475,3255.429199,42.50490949019956,Bicycles,3
7853,907853,5909.559082,-1393.575562,39.42244454462031,Wheelchairs,2
7861,207861,3581.161865,2241.426025,37.856017864811406,Transportation Containers,1
7868,107868,4209.101074,1791.504272,37.44621970229578,Non-Mechanically Propelled Vehicles,1
7911,107911,5384.789062,-299.97905,46.44986643903964,Electric Trains,4
7912,907912,5755.409668,2585.173828,39.66497753761638,Miscellaneous Rail Locomotives,2
7913,107913,4993.256836,-605.738251,34.52519900096432,Mechanically Propelled Railway,1
7914,107914,5288.75293,-634.582489,37.05223358094326,Railway Passenger Cars,1
7915,147915,4978.498535,1736.676025,39.92172169776783,Rail Freight Transport,2
7919,107919,4386.251953,1009.500854,37.59557472968866,Railway Track Fixtures and Fittings,1
7921,147921,2480.005737,2550.980591,38.408530734152095,Helicopters,1
7922,127922,5721.415283,2690.739014,38.954858188925726,Small Aircraft,2
7923,127923,4394.648682,-2799.235352,41.746288746950334,Aircraft,2
7924,127924,3853.385254,-3162.0753170000007,39.38799768545736,Large Aircraft,2
7928,127928,4382.762695,-2485.177246,38.88361552134411,Miscellaneous Aircraft Equipment,2
7929,127929,4373.52002,-2128.161865,38.57153146306006,Aircraft Parts and Accessories,1
7931,147931,3132.015625,-257.086792,39.76871464676889,Warships,2
7932,147932,2931.701782,-440.564697,42.254029668103215,Ships and Boats,3
7933,147933,2678.382935,-536.296616,43.10134191273391,Ships for Disposal,3
7938,147938,2442.158936,1274.088623,42.70266102816301,Miscellaneous Boats and Floating Structures,3
8121,108121,4436.3129880000015,1105.911743,38.12098904294044,Furnaces,1
8122,208122,4186.274902,3030.237061,43.82619687960269,Ceramic Fixtures,3
8124,118124,3047.236816,-3223.962158,38.90072587872964,Lighting Fixtures,2
8211,208211,4497.564453,2044.567566,39.854848220712405,Chairs and Couches,2
8212,208212,4816.9521479999985,2340.2232670000008,41.366155794099456,Medical Furniture,2
8219,208219,4374.583008,2188.375,38.35987246863385,Miscellaneous Furniture,1
8310,618310,5356.853027,4474.773438,42.41763248773013,Luggage,3
8421,618421,3417.478027,3659.625854,44.076638379980956,Men's Coats,3
8422,618422,3425.751709000001,3835.694824,42.604072073855725,Men's Suits,3
8423,618423,3684.307739,3497.851562,46.813852551487855,Men's Pants,4
8424,618424,3918.615967,3532.372314,43.65617461816373,Men's Jackets,3
8429,618429,4078.414307,3987.548828,45.57113624944765,Miscellaneous Men's Outerwear,3
8431,618431,3802.711426,3599.337891,43.604478126637446,Women's Coats,3
8432,618432,3851.326172,3899.359497,45.22340365944299,Women's Suits,3
8433,618433,3548.062378,4258.902588,45.89209819563368,Dresses,4
8434,618434,3956.532593,3836.473633,45.28533208558991,Skirts,3
8435,618435,3844.759399,3715.55957,45.26290044966457,Blouses,3
8439,618439,3663.699097,4071.250732,46.05089630426016,Miscellaneous Feminine Outerwear,4
8441,618441,3919.882324,4128.538208,45.52457362455369,Men's Shirts,3
8442,618442,3684.938232,4363.552246,45.48699103856314,Men's Underwear,3
8443,618443,4194.590332,3940.807617,45.22760724664542,Women's Underwear,3
8451,618451,3697.059326,3801.679199,45.44568796299737,Knitted Outerwear,3
8452,618452,3552.834961,3773.129761,45.2520788426062,Women's Knitted Outerwear,3
8459,618459,3450.718384,4160.12085,45.52643599972863,Miscellaneous Knitted Outerwear,3
8461,618461,3967.53064,3596.231689,42.478286387674494,Wool Undergarments,3
8462,618462,3324.205322,3925.598022,46.478271340238436,Cotton Undergarments,4
8463,618463,3498.017578,3549.234375,45.23836976532643,Synthetic Knitted Undergarments,3
8464,618464,3919.179321,3982.998413,44.338942052283535,Undergarments of Other Fibres,3
8465,618465,3595.376953,3955.947632,45.8346997849765,Lingerie,4
8471,618471,4343.550293,4046.731812,45.26041213762982,Textile Fabrics Clothing Accessories,3
8472,618472,3771.408569,4185.940918,45.16742810529942,Knit Clothing Accessories,3
8481,618481,4434.263672,4305.192871,48.974425432834046,Leather Accessories,4
8482,118482,2511.909424,-2553.514648,42.58775815514558,Plastic or Rubber Clothing,3
8483,818483,5140.29834,2940.70459,44.45520079619425,Fur Clothing,3
8484,618484,4526.161133,4170.674805,43.15221512441516,Headgear,3
8510,618510,4108.62915,3761.469238,43.073063368132715,Footwear,3
8710,118710,3154.743286,-2576.800293,40.91475116414449,Optical Instruments,2
8720,448720,4132.222046,-1482.592163,39.7961586912828,Medical Instruments,2
8731,138731,4838.361816,1385.544006,40.016427537327814,"Gas, Liquid and Electric Meters",2
8732,108732,4889.370605,503.871658,41.10519728826888,Non-Electrical Counting Devices,2
8741,108741,3347.125,-736.994568,37.02155175391324,Analog Navigation Devices,1
8742,448742,4393.593994,-1044.320557,40.4373985050222,Mathematical Calculation Instruments,2
8743,108743,4258.892578,142.95361699999995,39.15217893259356,Control Instruments of Gas or Liquid,2
8744,448744,4256.3039549999985,-1031.370422,35.73840016945975,Analog Instruments for Physical Analysis,1
8745,448745,4930.3271479999985,-1079.368408,37.713880609582546,Measuring Controlling Instruments,1
8748,448748,4448.065186,-915.115906,37.91857193648417,Miscellaneous Electrical Instruments,1
8749,108749,4538.2338869999985,-777.207611,39.71779647460308,Measuring Instrument Parts,2
8811,118811,2232.748779,-2022.653137,42.97580191732138,Cameras,3
8812,108812,5023.540527,-931.9646,41.36743893783725,Movie Cameras and Equipment,2
8813,118813,5268.855469,-1407.628479,37.9359334230966,Photo and Movie Equipment,1
8821,448821,4488.22168,-1728.480591,39.929799236789044,Photographic Chemicals,2
8822,448822,4416.355469,-1586.687561,39.13529008709451,Photographic Film,2
8830,908830,3663.664551,-3102.69873,39.47198429066058,Developed Cinema Film,2
8841,118841,3178.766602,-2298.459229,40.92192526254504,Optical Lenses,2
8842,218842,5502.601807,4726.708984000001,38.20853423450378,Eyewear,1
8851,218851,3014.431274,-2787.088623,36.19294458463239,Watches,1
8852,118852,2508.1877440000007,-2447.346191,40.58517906122122,Clocks,2
8921,428921,3388.870361,1372.839355,41.52946100769936,Printed Books and Maps,2
8922,428922,4044.227295,1631.966064,38.17833387178477,Newspapers and Journals,1
8924,908924,3568.951904,-1956.159546,40.79682596973542,Cards and Decals,2
8928,908928,3491.009277,1902.090393,36.67661853546183,Miscellaneous Printed Matter,1
8931,318931,3317.66687,3134.333862,40.950201488523064,Plastic Storage Containers,2
8932,208932,4245.846191,2386.446167,41.48206977668527,Plastic Sanitary Articles,2
8933,218933,2813.446411,-2466.787842,42.68443935805251,Plastic Ornaments,3
8935,108935,4168.8991700000015,1090.840576,37.03445330142587,Plastic Lamps,1
8939,428939,4064.790161,1770.431641,37.98838904344719,Miscellaneous Articles of Plastic,1
8941,218941,3268.928467,-3412.973877000001,39.86087145777788,Baby Carriages,2
8942,118942,2656.56189,-3027.200684,38.93175347976437,Toys and Games,2
8946,108946,5051.098145,-142.49811599999995,39.75198779542885,Non-Military Arms,2
8947,118947,2454.493164,-2730.710205,43.10081339893938,Sporting Goods,3
8951,218951,5246.570801,-99.67057,37.36690028629858,Metal Office Products,1
8952,218952,5295.9223630000015,-1273.559937,41.62401938207947,Pens and Pencils,2
8959,218959,4512.6477049999985,-2355.496094,41.432812942911326,Miscellaneous Office and Stationary Supplies,2
8960,218960,3919.93335,-2568.928467,38.475704607915475,Artwork,1
8972,908972,2321.098633,-2555.974365,41.75672600646051,Imitation Jewellery,2
8973,518973,5317.351807,4071.349731,45.13758902928794,Precious Jewellery,3
8974,578974,5061.166015999999,-2288.223145,42.101495873650066,Miscellaneous Articles of Precious Metals,3
8981,118981,3305.91626,-2830.302246,41.40819279643279,Pianos and String Instruments,2
8982,118982,3283.557373,-2546.750977,44.38036024518813,Miscellaneous Musical Instruments,3
8983,118983,2886.147583,-1573.9245,37.16148106901968,Sound Recording Media,1
8989,108989,3435.979248,-199.201149,40.063312974585656,Musical Instrument Parts,2
8991,518991,4900.706543,4461.143066,45.230527494349715,Carving and Molding Tools,3
8993,908993,2400.681152,2221.767578,40.693082803219255,Candles and Matches,2
8994,218994,2833.097656,-3481.798584000001,42.51635185775535,Umbrellas and Canes,3
8996,448996,4017.030518,-1601.318481,34.90949628409465,Orthopedic Devices,1
8997,618997,4397.04541,4514.243652,42.77910498924301,Basketwork,3
8998,218998,4779.241211,4293.503662,42.236436631800274,Miscellaneous Small Wares,3
8999,908999,1978.987549,-3434.822754,43.43770141952263,Miscellaneous Manufactured Goods,3
9310,909310,2811.122559,1277.523804,39.65580655798564,Unclassified Transactions,2
9410,909410,2805.255005,3401.822021,47.06480070652929,Miscellaneous Live Animals,4
9510,109510,5185.991699,677.82547,39.22296884755848,"Armoured Vehicles, Firearms and Ammunition",2
9610,909610,2493.500977,-801.967499,41.063512392387814,Non-Gold Coin,2
9710,519710,2714.582031,4917.288086,45.71904206006132,Gold,4
